Capture Number,Time,CIS Setting,Gain,Inttime,Frame Rate,LUX,Capture Name,frame_rate_Most_Fast,frame_rate_Most_Slow,frame_rate_Most_AVG
0,240508_170332,HIGH_12F,3,100000,7,156
1,240508_170332,HIGH_12F,3,100000,21,156
2,240508_170332,HIGH_12F,3,100000,16,156
3,240508_170332,HIGH_12F,3,100000,11,156
4,240508_170332,HIGH_12F,3,100000,11,156
5,240508_170332,HIGH_12F,3,100000,13,156
6,240508_170332,HIGH_12F,3,100000,9,156
7,240508_170332,HIGH_12F,3,100000,13,156
8,240508_170332,HIGH_12F,3,100000,11,156
9,240508_170332,HIGH_12F,3,100000,11,156
10,240508_170332,HIGH_12F,3,100000,12,156
11,240508_170332,HIGH_12F,3,100000,10,156
12,240508_170332,HIGH_12F,3,100000,12,156
13,240508_170332,HIGH_12F,3,100000,11,156
14,240508_170332,HIGH_12F,3,100000,10,156
15,240508_170332,HIGH_12F,3,100000,13,156
16,240508_170332,HIGH_12F,3,100000,11,156
17,240508_170332,HIGH_12F,3,100000,10,156
18,240508_170332,HIGH_12F,3,100000,14,156
19,240508_170332,HIGH_12F,3,100000,10,156
20,240508_170332,HIGH_12F,3,100000,11,156
21,240508_170332,HIGH_12F,3,100000,11,156
22,240508_170332,HIGH_12F,3,100000,11,156
23,240508_170332,HIGH_12F,3,100000,12,156
24,240508_170332,HIGH_12F,3,100000,12,156
25,240508_170332,HIGH_12F,3,100000,9,156
26,240508_170332,HIGH_12F,3,100000,12,156
27,240508_170332,HIGH_12F,3,100000,11,156
28,240508_170332,HIGH_12F,3,100000,9,156
29,240508_170332,HIGH_12F,3,100000,12,156
30,240508_170332,HIGH_12F,3,100000,11,156
31,240508_170332,HIGH_12F,3,100000,9,156
32,240508_170332,HIGH_12F,3,100000,15,156
33,240508_170332,HIGH_12F,3,100000,11,156
34,240508_170332,HIGH_12F,3,100000,10,156
35,240508_170332,HIGH_12F,3,100000,12,156
36,240508_170332,HIGH_12F,3,100000,11,156
37,240508_170332,HIGH_12F,3,100000,11,156
38,240508_170332,HIGH_12F,3,100000,11,156
39,240508_170332,HIGH_12F,3,100000,10,156
40,240508_170332,HIGH_12F,3,100000,11,156
41,240508_170332,HIGH_12F,3,100000,11,156
42,240508_170332,HIGH_12F,3,100000,9,156
43,240508_170332,HIGH_12F,3,100000,15,156
44,240508_170332,HIGH_12F,3,100000,10,156
45,240508_170332,HIGH_12F,3,100000,12,156
46,240508_170332,HIGH_12F,3,100000,13,156
47,240508_170332,HIGH_12F,3,100000,10,156
48,240508_170332,HIGH_12F,3,100000,15,156
49,240508_170332,HIGH_12F,3,100000,11,156
50,240508_170332,HIGH_12F,3,100000,10,156
51,240508_170332,HIGH_12F,3,100000,12,156
52,240508_170332,HIGH_12F,3,100000,10,156
53,240508_170332,HIGH_12F,3,100000,10,156
54,240508_170332,HIGH_12F,3,100000,13,156
55,240508_170332,HIGH_12F,3,100000,11,156
56,240508_170332,HIGH_12F,3,100000,9,156
57,240508_170332,HIGH_12F,3,100000,14,156
58,240508_170332,HIGH_12F,3,100000,10,156
59,240508_170332,HIGH_12F,3,100000,11,156
60,240508_170332,HIGH_12F,3,100000,12,156
61,240508_170332,HIGH_12F,3,100000,11,156
62,240508_170332,HIGH_12F,3,100000,12,156
63,240508_170332,HIGH_12F,3,100000,11,156
64,240508_170332,HIGH_12F,3,100000,8,156
65,240508_170332,HIGH_12F,3,100000,14,156
66,240508_170332,HIGH_12F,3,100000,11,156
67,240508_170332,HIGH_12F,3,100000,11,156
68,240508_170332,HIGH_12F,3,100000,12,156
69,240508_170332,HIGH_12F,3,100000,10,156
70,240508_170332,HIGH_12F,3,100000,13,156
71,240508_170332,HIGH_12F,3,100000,11,156
72,240508_170332,HIGH_12F,3,100000,11,156
73,240508_170332,HIGH_12F,3,100000,12,156
74,240508_170332,HIGH_12F,3,100000,10,156
75,240508_170332,HIGH_12F,3,100000,8,156
76,240508_170332,HIGH_12F,3,100000,16,156
77,240508_170332,HIGH_12F,3,100000,13,156
78,240508_170332,HIGH_12F,3,100000,11,156
79,240508_170332,HIGH_12F,3,100000,9,156
80,240508_170332,HIGH_12F,3,100000,14,156
81,240508_170332,HIGH_12F,3,100000,10,156
82,240508_170332,HIGH_12F,3,100000,11,156
83,240508_170332,HIGH_12F,3,100000,12,156
84,240508_170332,HIGH_12F,3,100000,10,156
85,240508_170332,HIGH_12F,3,100000,13,156
86,240508_170332,HIGH_12F,3,100000,11,156
87,240508_170332,HIGH_12F,3,100000,9,156
88,240508_170332,HIGH_12F,3,100000,14,156
89,240508_170332,HIGH_12F,3,100000,11,156
90,240508_170332,HIGH_12F,3,100000,11,156
91,240508_170332,HIGH_12F,3,100000,12,156
92,240508_170332,HIGH_12F,3,100000,10,156
93,240508_170332,HIGH_12F,3,100000,12,156
94,240508_170332,HIGH_12F,3,100000,11,156
95,240508_170332,HIGH_12F,3,100000,10,156
96,240508_170332,HIGH_12F,3,100000,14,156
97,240508_170332,HIGH_12F,3,100000,11,156
98,240508_170332,HIGH_12F,3,100000,10,156
99,240508_170332,HIGH_12F,3,100000,14,156
100,240508_170332,HIGH_12F,3,100000,11,156
101,240508_170332,HIGH_12F,3,100000,11,156
102,240508_170332,HIGH_12F,3,100000,13,156
103,240508_170332,HIGH_12F,3,100000,10,156
104,240508_170332,HIGH_12F,3,100000,12,156
105,240508_170332,HIGH_12F,3,100000,11,156
106,240508_170332,HIGH_12F,3,100000,9,156
107,240508_170332,HIGH_12F,3,100000,12,156
108,240508_170332,HIGH_12F,3,100000,11,156
109,240508_170332,HIGH_12F,3,100000,8,156
110,240508_170332,HIGH_12F,3,100000,15,156
111,240508_170332,HIGH_12F,3,100000,11,156
112,240508_170332,HIGH_12F,3,100000,11,156
113,240508_170332,HIGH_12F,3,100000,11,156
114,240508_170332,HIGH_12F,3,100000,11,156
115,240508_170332,HIGH_12F,3,100000,11,156
116,240508_170332,HIGH_12F,3,100000,10,156
117,240508_170332,HIGH_12F,3,100000,9,156
118,240508_170332,HIGH_12F,3,100000,13,156
119,240508_170332,HIGH_12F,3,100000,11,156
120,240508_170332,HIGH_12F,3,100000,9,156
121,240508_170332,HIGH_12F,3,100000,14,156
122,240508_170332,HIGH_12F,3,100000,11,156
123,240508_170332,HIGH_12F,3,100000,11,156
124,240508_170332,HIGH_12F,3,100000,14,156
125,240508_170332,HIGH_12F,3,100000,11,156
126,240508_170332,HIGH_12F,3,100000,11,156
127,240508_170332,HIGH_12F,3,100000,11,156
128,240508_170332,HIGH_12F,3,100000,9,156
129,240508_170332,HIGH_12F,3,100000,12,156
130,240508_170332,HIGH_12F,3,100000,11,156
131,240508_170332,HIGH_12F,3,100000,9,156
132,240508_170332,HIGH_12F,3,100000,16,156
133,240508_170332,HIGH_12F,3,100000,11,156
134,240508_170332,HIGH_12F,3,100000,11,156
135,240508_170332,HIGH_12F,3,100000,11,156
136,240508_170332,HIGH_12F,3,100000,10,156
137,240508_170332,HIGH_12F,3,100000,13,156
138,240508_170332,HIGH_12F,3,100000,11,156
139,240508_170332,HIGH_12F,3,100000,10,156
140,240508_170332,HIGH_12F,3,100000,13,156
141,240508_170332,HIGH_12F,3,100000,11,156
142,240508_170332,HIGH_12F,3,100000,10,156
143,240508_170332,HIGH_12F,3,100000,11,156
144,240508_170332,HIGH_12F,3,100000,11,156
145,240508_170332,HIGH_12F,3,100000,12,156
146,240508_170332,HIGH_12F,3,100000,11,156
147,240508_170332,HIGH_12F,3,100000,10,156
148,240508_170332,HIGH_12F,3,100000,13,156
149,240508_170332,HIGH_12F,3,100000,11,156
150,240508_170332,HIGH_12F,3,100000,11,156
151,240508_170332,HIGH_12F,3,100000,11,156
152,240508_170332,HIGH_12F,3,100000,11,156
153,240508_170332,HIGH_12F,3,100000,12,156
154,240508_170332,HIGH_12F,3,100000,10,156
155,240508_170332,HIGH_12F,3,100000,12,156
156,240508_170332,HIGH_12F,3,100000,11,156
157,240508_170332,HIGH_12F,3,100000,10,156
158,240508_170332,HIGH_12F,3,100000,13,156
159,240508_170332,HIGH_12F,3,100000,11,156
160,240508_170332,HIGH_12F,3,100000,10,156
161,240508_170332,HIGH_12F,3,100000,13,156
162,240508_170332,HIGH_12F,3,100000,11,156
163,240508_170332,HIGH_12F,3,100000,25,156
164,240508_170332,HIGH_12F,3,100000,11,156
165,240508_170332,HIGH_12F,3,100000,10,156
166,240508_170332,HIGH_12F,3,100000,13,156
167,240508_170332,HIGH_12F,3,100000,11,156
168,240508_170332,HIGH_12F,3,100000,11,156
169,240508_170332,HIGH_12F,3,100000,11,156
170,240508_170332,HIGH_12F,3,100000,10,156
171,240508_170332,HIGH_12F,3,100000,15,156
172,240508_170332,HIGH_12F,3,100000,10,156
173,240508_170332,HIGH_12F,3,100000,12,156
174,240508_170332,HIGH_12F,3,100000,14,156
175,240508_170332,HIGH_12F,3,100000,10,156
176,240508_170332,HIGH_12F,3,100000,10,156
177,240508_170332,HIGH_12F,3,100000,13,156
178,240508_170332,HIGH_12F,3,100000,11,156
179,240508_170332,HIGH_12F,3,100000,10,156
180,240508_170332,HIGH_12F,3,100000,12,156
181,240508_170332,HIGH_12F,3,100000,11,156
182,240508_170332,HIGH_12F,3,100000,10,156
183,240508_170332,HIGH_12F,3,100000,12,156
184,240508_170332,HIGH_12F,3,100000,11,156
185,240508_170332,HIGH_12F,3,100000,10,156
186,240508_170332,HIGH_12F,3,100000,14,156
187,240508_170332,HIGH_12F,3,100000,11,156
188,240508_170332,HIGH_12F,3,100000,11,156
189,240508_170332,HIGH_12F,3,100000,11,156
190,240508_170332,HIGH_12F,3,100000,11,156
191,240508_170332,HIGH_12F,3,100000,10,156
192,240508_170332,HIGH_12F,3,100000,14,156
193,240508_170332,HIGH_12F,3,100000,11,156
194,240508_170332,HIGH_12F,3,100000,10,156
195,240508_170332,HIGH_12F,3,100000,12,156
196,240508_170332,HIGH_12F,3,100000,12,156
197,240508_170332,HIGH_12F,3,100000,10,156
198,240508_170332,HIGH_12F,3,100000,11,156
199,240508_170332,HIGH_12F,3,100000,11,156
200,240508_170332,HIGH_12F,3,100000,11,156
,,,,,,,,99,1
