47,124,47,126,51,120,49,146,54,159,57,153,56,157,58,158,61,174,61,172,57,168,58,151,52,149,44,117,43,91,34,78,40,105,57,219,64,223,65,216,66,212,65,159,51,35,27,60,27,49,25,50,26,95,25,23,27,53,23,46,24,51,25,77
131,91,132,74,137,88,146,92,153,102,163,110,154,100,169,103,174,108,160,107,175,108,164,96,155,92,123,75,116,75,88,54,99,126,233,151,220,145,68,138,214,138,213,81,164,43,61,38,53,36,45,36,47,52,86,21,44,37,45,29,35,29,45,38
49,144,51,136,51,143,52,159,55,161,58,164,54,155,57,170,61,156,53,158,56,149,56,153,53,137,49,116,43,118,39,88,25,126,54,217,53,123,68,218,68,183,51,135,59,70,32,73,32,78,26,30,44,74,30,27,43,79,25,38,20,36,22,39
142,94,144,98,155,96,161,102,157,103,160,99,151,95,162,108,163,99,151,97,157,99,160,97,138,92,136,82,124,77,126,65,148,124,162,27,103,175,104,122,129,144,117,119,109,41,66,51,77,47,44,43,123,27,59,24,40,35,54,25,34,29,40,35
49,148,52,146,56,141,53,154,55,165,55,164,55,148,52,161,56,150,55,150,57,151,56,154,52,152,50,134,45,119,46,170,41,155,62,155,28,122,49,157,20,128,43,197,28,41,25,52,28,62,25,63,42,36,19,38,20,46,20,37,21,40,22,34
140,88,148,94,146,97,147,101,145,102,157,101,163,96,157,98,156,97,148,97,150,92,142,92,138,90,143,92,124,81,121,25,127,90,118,116,107,104,99,123,141,84,139,51,49,29,46,43,57,32,48,43,93,27,36,31,32,27,39,30,33,29,31,31
49,135,52,152,50,155,52,155,54,160,57,154,53,145,51,155,52,155,53,147,54,139,50,142,50,137,49,145,48,120,44,117,47,110,41,105,37,163,42,74,32,66,30,76,27,39,25,68,31,59,32,59,30,19,21,40,21,36,22,38,21,47,23,56
139,91,144,98,157,106,162,97,157,102,149,92,147,95,146,102,149,92,152,97,157,94,155,97,141,89,145,90,140,82,121,76,117,74,108,71,96,65,98,63,31,47,86,61,63,41,60,37,56,34,55,33,53,33,55,25,43,29,40,31,40,32,54,47
50,151,53,163,53,164,55,153,54,152,55,142,50,143,52,149,53,158,53,163,55,150,54,149,50,142,51,143,51,137,47,111,42,111,46,119,42,105,41,92,39,90,36,92,30,58,29,71,21,48,20,56,31,52,29,55,29,55,20,39,21,41,24,55
135,93,173,111,178,110,165,96,135,89,140,86,145,90,140,106,152,104,170,97,163,104,149,89,146,96,145,88,143,86,127,73,113,74,125,78,113,67,113,65,98,64,90,59,63,40,55,36,49,34,44,33,62,30,52,31,51,31,49,31,27,29,34,30
48,160,60,182,62,170,60,164,57,152,52,134,51,140,54,160,54,167,53,148,56,153,54,148,51,153,50,137,52,142,47,125,48,122,46,122,41,115,40,112,39,99,38,87,28,55,25,64,21,44,21,42,21,40,21,53,20,48,30,49,27,45,21,33
142,102,188,123,188,112,183,106,153,102,152,86,137,89,150,101,165,112,152,101,157,102,150,100,146,80,145,90,137,96,138,87,123,83,118,78,112,76,115,68,94,62,90,58,51,35,47,37,44,35,47,36,42,39,41,33,39,30,39,30,47,33,44,23
53,171,62,190,65,190,62,156,56,149,54,143,53,138,52,175,63,180,60,174,58,164,54,148,51,149,51,135,50,146,53,132,48,134,45,133,44,119,44,114,39,100,37,81,27,49,26,60,21,54,21,55,20,52,20,62,21,39,20,36,20,191,67,196
150,118,188,121,223,122,178,104,154,93,147,95,148,96,158,118,178,121,186,108,159,105,152,101,151,93,145,92,143,94,138,95,140,88,118,77,130,74,132,73,102,60,99,52,55,35,59,34,46,37,52,38,48,35,56,33,69,37,42,32,44,137,203,135
46,175,67,172,68,172,61,146,52,144,53,145,55,153,62,172,62,166,65,177,56,171,56,146,52,146,54,163,51,149,54,157,54,143,48,127,47,121,42,113,41,93,38,76,27,26,32,47,21,60,21,43,21,42,21,55,55,85,42,43,21,202,67,208
102,112,180,116,194,112,165,103,143,96,147,99,151,95,176,108,184,116,188,112,167,109,166,96,127,95,151,99,152,91,167,103,174,92,154,84,105,80,115,75,105,71,95,49,56,36,67,35,56,44,51,39,51,37,42,40,41,101,98,101,36,131,197,133
40,165,60,186,61,171,55,149,54,143,50,141,52,149,54,179,64,165,61,169,58,163,54,154,53,158,53,153,53,151,56,157,63,165,53,134,50,125,45,112,42,101,39,71,27,52,44,54,21,45,22,46,21,47,22,29,20,38,24,155,20,42,30,60
104,100,169,111,170,97,150,93,143,91,136,94,149,96,193,111,181,119,174,104,164,97,155,98,145,98,155,98,149,108,178,109,198,102,168,94,135,79,115,64,107,65,112,46,59,39,119,42,45,40,55,36,54,45,207,144,59,29,38,22,30,56,86,58
41,147,56,155,53,142,53,128,49,140,49,138,52,159,63,173,57,169,60,174,55,162,51,146,52,157,53,151,49,161,56,182,60,163,53,154,50,129,43,106,42,104,41,65,28,55,60,52,21,51,21,59,23,219,71,174,63,94,21,47,19,40,33,66
106,95,151,95,132,90,144,89,144,84,140,88,147,96,164,101,164,105,171,103,162,92,149,91,137,90,147,91,140,99,162,109,176,109,176,87,139,76,117,71,98,68,104,42,60,39,98,35,52,35,46,40,221,159,211,135,186,122,39,36,37,28,48,29
40,128,51,138,48,142,52,126,49,135,49,142,53,156,53,142,54,170,56,161,54,149,54,148,51,136,53,153,53,151,56,165,62,167,56,134,49,124,44,114,40,107,38,56,18,54,35,47,21,45,23,48,72,223,66,200,60,172,41,38,34,70,39,61
90,81,133,85,130,86,154,82,128,85,142,92,111,95,153,96,160,105,160,100,153,95,153,90,140,83,135,95,135,87,148,103,149,100,141,83,123,82,124,70,107,66,91,22,24,28,73,34,46,36,46,68,245,151,210,136,188,119,173,52,37,30,81,47
35,124,46,127,45,134,50,133,48,129,47,131,50,145,52,143,53,156,55,149,51,142,49,123,47,135,52,153,47,135,54,154,51,142,50,134,43,120,42,104,40,106,35,54,24,47,35,45,21,49,21,159,81,222,66,203,61,173,54,44,187,150,90,40
101,79,107,77,121,86,134,81,134,87,128,82,135,93,140,89,143,92,145,96,148,86,133,85,135,81,134,89,144,86,137,96,146,91,130,76,117,73,115,73,100,62,79,42,53,36,68,34,55,34,47,64,246,150,209,134,187,120,159,25,255,181,237,200
42,112,42,121,46,107,49,132,48,127,46,141,49,137,48,143,50,144,49,134,50,138,47,90,46,128,47,145,50,134,52,147,47,143,47,116,44,120,41,107,40,99,34,59,26,65,26,54,22,46,22,49,71,215,66,202,61,175,61,30,119,255,166,255
76,54,88,56,55,34,103,76,127,80,134,91,128,82,131,83,138,83,126,83,130,90,128,76,120,78,122,84,136,86,132,86,130,87,138,83,123,71,104,61,98,62,76,39,55,47,46,43,46,37,45,43,228,128,202,130,183,120,40,31,255,255,255,255
29,73,28,53,28,52,39,109,43,113,47,131,47,137,48,138,48,118,49,134,42,135,47,119,46,126,46,121,45,128,48,119,45,128,43,125,42,110,41,98,39,97,31,55,27,111,21,48,21,46,21,52,23,227,60,186,58,188,22,39,29,255,209,255
49,33,52,33,53,33,96,70,109,74,114,82,136,83,132,86,133,78,125,82,131,80,127,83,122,74,108,76,129,81,124,77,116,73,112,73,117,70,103,62,91,62,65,38,54,87,62,39,49,34,54,35,53,53,216,143,194,31,163,30,63,68,52,255
28,52,28,52,27,47,39,101,42,109,44,110,47,121,48,123,50,128,48,127,47,119,44,126,44,121,46,111,49,117,46,107,44,117,43,114,42,98,39,95,39,91,29,57,26,75,22,47,21,36,21,46,67,209,21,43,21,47,23,47,29,94,23,83
49,32,50,32,48,31,94,58,107,68,115,73,119,71,115,78,122,86,132,82,138,77,122,76,131,78,116,71,124,77,114,72,118,75,106,69,104,69,108,63,100,58,56,36,54,39,45,39,58,79,179,148,153,97,207,32,42,33,39,30,50,28,52,28
26,48,27,49,27,43,39,90,39,107,42,111,44,116,42,114,47,137,52,136,47,121,45,116,46,124,45,121,45,118,44,111,45,111,42,104,43,102,38,92,36,82,28,56,27,71,21,58,22,173,62,185,67,176,35,50,21,40,20,41,28,83,46,84
47,31,47,30,46,31,88,59,95,65,111,65,106,74,120,74,123,87,142,84,131,85,131,70,119,77,118,79,119,79,122,67,109,73,112,63,105,67,103,62,94,55,55,38,57,34,61,41,72,75,178,79,176,80,165,32,45,37,44,32,52,32,79,111
26,46,26,42,21,34,35,93,38,93,41,103,40,117,46,126,48,141,50,137,50,128,51,120,47,126,44,116,44,110,43,109,43,111,37,96,41,105,40,93,37,74,27,57,32,68,22,44,62,171,65,178,59,165,60,39,20,42,20,25,28,30,48,38
43,28,41,23,36,29,78,61,89,67,99,66,101,73,113,71,126,87,148,87,139,92,136,82,120,82,114,73,117,68,111,72,110,67,103,62,89,65,97,61,94,50,61,39,65,34,46,38,173,81,183,81,167,76,166,64,40,36,26,22,27,21,47,27
24,37,21,34,22,37,30,90,38,90,43,92,34,80,38,83,39,87,45,121,47,137,46,126,48,124,41,116,43,112,41,108,41,102,40,110,39,101,40,104,40,71,28,56,36,44,22,53,61,174,59,171,57,161,58,102,21,44,20,104,53,27,22,30
35,25,31,25,35,28,66,57,82,53,79,49,79,50,83,49,255,73,152,50,81,47,90,69,83,50,109,70,107,66,101,67,95,69,99,69,102,66,100,60,96,42,57,37,76,34,62,34,165,75,168,79,159,74,132,30,46,32,36,56,105,38,26,25
21,28,20,29,20,34,30,86,32,69,32,82,38,85,38,75,38,128,45,82,38,82,36,54,17,28,22,40,25,64,36,103,40,77,40,106,39,98,37,100,37,62,28,58,35,66,33,65,60,164,58,160,57,161,26,42,36,27,23,108,28,25,35,55
117,67,80,22,25,20,41,38,56,42,87,50,143,57,89,133,119,69,85,50,74,48,80,35,34,21,26,23,28,23,26,22,28,31,56,47,95,62,95,61,88,43,58,40,70,36,66,34,177,77,166,74,149,71,52,31,59,20,45,31,30,23,94,36
47,100,47,109,60,124,39,36,23,38,61,116,39,88,41,98,54,120,39,83,38,79,20,20,18,22,18,25,18,26,18,26,19,25,18,71,31,83,38,87,35,59,28,55,33,65,34,94,59,167,56,147,55,155,32,39,29,51,22,44,26,31,18,55
55,28,90,43,101,81,91,70,184,60,219,37,108,46,129,58,101,64,142,69,79,60,45,19,22,18,20,19,21,19,21,19,22,18,41,46,67,44,90,59,78,41,56,29,65,34,65,85,168,78,168,80,179,84,48,31,53,32,49,68,33,20,28,43
35,23,20,36,44,118,42,154,48,114,56,126,71,92,38,56,38,99,48,107,46,74,25,24,18,29,20,34,18,21,17,50,17,19,22,65,30,88,34,80,34,52,27,58,33,58,32,174,59,174,59,183,64,185,28,52,32,49,23,47,17,40,21,53
80,22,78,34,123,94,131,77,103,74,83,59,70,56,113,61,125,69,90,31,68,47,50,32,47,26,31,20,41,20,32,24,30,26,28,37,65,44,64,45,60,40,60,35,62,32,62,32,62,78,187,86,177,31,26,22,82,54,50,25,38,24,37,39
24,25,18,144,21,45,22,217,63,169,48,82,31,99,40,38,48,105,50,115,53,129,46,36,23,37,17,20,21,20,18,25,18,24,19,54,29,69,31,77,26,42,27,66,32,59,32,56,33,59,19,27,42,27,19,87,42,69,20,62,25,43,22,31
22,28,59,65,33,28,34,27,34,31,123,52,51,41,82,52,103,56,163,57,111,54,47,23,67,25,36,30,28,17,19,22,22,19,55,37,64,41,71,51,52,33,42,35,61,33,60,32,57,34,28,23,38,22,26,20,75,41,64,57,88,45,70,22
17,21,63,130,21,34,21,33,20,157,36,58,35,72,48,75,31,103,40,136,39,137,28,39,29,41,27,31,19,26,19,23,23,35,21,33,28,60,29,61,22,39,22,70,34,63,33,57,33,55,20,34,19,68,19,84,28,98,17,73,45,64,26,45
23,19,200,129,218,140,147,55,34,89,79,40,82,35,84,43,67,36,140,167,169,79,40,22,44,23,39,23,23,25,18,25,41,23,36,23,48,38,59,44,34,24,36,33,67,35,57,33,59,32,25,32,40,22,25,58,89,74,22,50,84,30,64,39
18,24,37,196,65,209,69,207,73,91,25,45,20,69,31,109,36,125,42,137,39,75,32,41,31,35,29,42,30,65,28,44,28,38,28,37,27,55,29,58,21,34,26,70,21,29,18,27,32,56,19,26,19,26,18,83,36,25,17,107,31,70,26,38
24,18,78,67,83,66,182,124,207,60,51,58,40,41,109,32,91,129,255,225,122,59,46,23,40,23,37,24,39,25,42,25,37,23,43,22,59,40,56,32,31,24,59,23,24,20,23,19,23,31,26,22,40,23,26,44,65,19,20,73,64,48,52,20
17,19,16,65,32,92,34,95,34,64,25,53,38,89,36,159,19,135,87,255,78,121,29,36,30,37,29,37,29,34,29,39,28,34,28,35,27,51,27,44,21,32,37,23,18,23,18,23,17,44,21,25,18,26,21,63,29,20,17,101,28,59,25,23
20,18,22,57,83,64,94,66,95,47,50,33,80,31,52,67,123,127,255,155,255,108,44,24,43,23,40,23,42,23,37,23,34,22,47,22,56,38,59,30,32,25,20,20,22,20,21,19,22,20,25,23,25,23,37,44,101,19,24,59,61,39,50,25
17,20,17,73,40,73,32,85,33,68,24,34,29,59,45,51,54,140,79,157,38,36,27,42,29,42,30,38,24,40,29,40,27,37,30,39,27,55,28,36,21,35,18,23,18,22,18,21,17,22,29,52,34,62,26,40,38,107,32,72,26,51,22,52
27,20,25,17,34,33,76,64,119,48,37,22,45,37,98,39,36,72,132,129,129,20,41,24,45,24,130,26,38,25,41,23,36,23,36,24,53,37,53,24,30,23,22,20,22,19,21,19,21,19,48,31,89,63,66,42,28,50,114,41,46,30,32,37
18,22,19,18,29,91,29,71,17,46,18,45,18,30,18,27,29,68,26,42,27,34,27,42,78,44,79,231,73,239,69,39,26,39,28,55,26,57,26,30,20,36,18,23,17,22,17,22,17,46,30,51,41,30,39,77,26,38,39,81,33,26,22,47
24,19,21,17,26,21,21,34,18,19,25,23,25,22,26,22,31,27,30,24,31,20,43,107,238,104,236,104,212,109,236,23,35,23,31,28,53,38,49,23,31,29,33,19,21,19,20,19,22,28,45,27,119,83,78,49,55,32,37,48,70,50,25,25
18,19,16,22,30,30,34,23,17,24,18,42,20,32,22,45,20,23,17,27,19,25,26,40,75,195,69,236,72,61,71,36,26,40,26,52,27,58,24,25,20,61,29,22,17,21,17,21,26,45,25,37,31,88,22,66,23,42,24,37,26,27,18,31
18,18,19,17,61,27,34,22,25,20,25,24,35,47,55,28,48,25,31,23,24,20,31,23,30,39,62,36,154,146,140,22,36,22,32,35,57,42,40,19,21,32,49,27,22,18,21,24,25,27,49,38,22,22,43,37,52,32,42,31,56,40,39,21
17,19,17,18,31,26,20,35,20,31,19,25,22,127,34,67,20,32,22,32,17,25,20,41,25,54,21,61,25,34,28,38,38,65,27,40,24,40,20,25,18,52,30,51,20,43,24,41,25,37,26,107,18,27,39,46,24,32,23,45,27,57,27,26
19,20,18,18,74,20,29,22,19,60,82,23,62,67,26,23,34,32,33,25,30,18,51,53,98,83,21,20,28,21,94,28,48,40,36,60,40,24,28,19,23,28,53,23,47,29,49,24,36,20,73,63,76,19,67,48,50,32,30,26,35,30,70,19
16,22,17,26,18,23,19,20,17,20,31,41,19,102,18,79,21,34,21,30,19,19,21,43,21,106,19,27,24,56,31,65,26,50,24,42,24,43,21,32,21,53,30,44,30,39,29,29,26,39,19,61,37,21,29,33,28,51,23,46,23,42,27,24
18,17,20,24,21,18,28,19,20,18,34,23,95,33,34,33,28,24,37,21,27,20,52,35,29,40,49,26,47,48,45,28,43,33,37,25,89,25,25,19,46,29,52,22,48,24,39,22,47,26,26,19,76,30,62,22,59,30,44,34,42,32,47,33
17,19,17,53,17,28,20,22,16,41,36,46,30,49,23,36,22,33,19,24,22,46,28,65,19,48,33,72,21,64,20,46,22,47,26,44,24,39,21,25,31,46,29,44,28,34,33,206,31,26,18,48,33,31,30,42,24,40,22,43,21,40,21,29
19,20,19,18,24,17,25,19,19,18,80,37,40,48,53,26,23,20,21,19,22,47,23,70,49,35,97,33,31,34,41,41,44,31,39,27,35,24,32,19,51,28,47,28,44,19,45,26,124,26,29,21,59,58,18,31,44,28,41,31,38,36,32,20
17,22,19,25,17,19,19,19,18,21,23,48,24,53,23,32,17,22,23,21,18,61,21,153,28,37,35,72,23,49,21,43,26,43,27,39,22,33,22,30,29,47,28,43,24,43,28,40,21,40,18,25,26,55,18,51,21,39,21,39,21,48,17,26
21,18,35,21,27,24,30,19,19,21,120,48,54,33,141,24,22,18,22,19,34,37,67,70,32,51,63,20,37,36,36,33,46,33,42,25,37,22,28,21,47,27,47,27,43,25,33,26,32,25,24,20,24,52,32,40,44,32,36,29,37,22,21,21
